precision,recall,f1,balanced_accuracy,average_precision,roc_auc,contamination,n_estimators,predicted_anomaly_rate
0.0,0.0,0.0,0.47058823529411764,0.15261431805188763,0.6121721415839063,0.05,100,0.052884615384615384
0.09090909090909091,0.047619047619047616,0.0625,0.49707155589508534,0.1734163653119179,0.633817163228928,0.05,300,0.052884615384615384
0.18181818181818182,0.09523809523809523,0.125,0.5235548764960529,0.18096075599555456,0.6585179526355996,0.05,500,0.052884615384615384
0.19047619047619047,0.19047619047619047,0.19047619047619047,0.5497835497835497,0.15261431805188763,0.6121721415839063,0.1,100,0.10096153846153846
0.2857142857142857,0.2857142857142857,0.2857142857142857,0.6027501909854851,0.1734163653119179,0.633817163228928,0.1,300,0.10096153846153846
0.2857142857142857,0.2857142857142857,0.2857142857142857,0.6027501909854851,0.18096075599555456,0.6585179526355996,0.1,500,0.10096153846153846
0.15625,0.23809523809523808,0.18867924528301888,0.546855105678635,0.15261431805188763,0.6121721415839063,0.15,100,0.15384615384615385
0.21875,0.3333333333333333,0.2641509433962264,0.5998217468805704,0.1734163653119179,0.633817163228928,0.15,300,0.15384615384615385
0.21875,0.3333333333333333,0.2641509433962264,0.5998217468805704,0.18096075599555456,0.6585179526355996,0.15,500,0.15384615384615385
