MonthStart,proxy_el_nino,sst_only_IsolationForest_pred,sst_only_OneClassSVM_pred,sst_only_LocalOutlierFactor_pred,multivariate_IsolationForest_pred,multivariate_OneClassSVM_pred,multivariate_LocalOutlierFactor_pred,total_flags,all_models_agree
1980-03-01,0,0,0,1,0,0,0,1,0
1980-08-01,0,0,0,0,0,0,0,0,1
1980-09-01,0,0,0,0,0,0,0,0,1
1980-10-01,0,0,0,0,0,0,0,0,1
1980-11-01,0,0,0,0,0,0,0,0,1
1980-12-01,0,0,0,0,0,0,0,0,1
1981-01-01,0,1,1,0,0,0,0,2,0
1981-02-01,0,0,0,0,0,0,0,0,1
1981-03-01,0,1,1,1,0,1,1,5,0
1981-07-01,0,1,0,0,0,0,0,1,0
1981-08-01,0,1,1,1,1,1,0,5,0
1981-09-01,0,1,1,1,1,1,1,6,1
1981-10-01,0,1,0,0,0,0,0,1,0
1981-11-01,0,0,0,0,0,0,0,0,1
1981-12-01,0,1,0,0,1,0,0,2,0
1982-01-01,0,0,0,0,0,0,0,0,1
1982-02-01,0,0,0,0,0,0,0,0,1
1982-03-01,0,0,0,0,0,0,0,0,1
1982-04-01,0,0,0,0,0,0,0,0,1
1982-05-01,0,0,0,0,0,0,0,0,1
1982-06-01,0,0,0,0,0,0,0,0,1
1982-07-01,0,0,1,0,0,1,0,2,0
1982-08-01,0,0,0,0,0,0,0,0,1
1982-09-01,0,0,0,0,0,0,0,0,1
1982-10-01,0,0,1,0,0,1,0,2,0
1982-11-01,0,0,0,1,0,0,0,1,0
1982-12-01,0,0,0,0,0,0,0,0,1
1983-01-01,0,0,1,0,0,0,0,1,0
1983-02-01,0,0,0,0,0,0,0,0,1
1983-03-01,0,0,0,0,1,1,1,3,0
1983-04-01,0,1,1,0,1,0,0,3,0
1983-10-01,0,0,0,0,1,0,0,1,0
1983-11-01,0,0,0,0,0,0,0,0,1
1983-12-01,0,0,1,0,0,0,0,1,0
1984-01-01,0,0,0,0,0,0,0,0,1
1984-02-01,0,1,0,1,0,1,1,4,0
1984-03-01,0,0,0,0,0,0,0,0,1
1984-04-01,0,0,0,0,0,0,0,0,1
1984-05-01,0,0,0,0,0,0,0,0,1
1984-06-01,0,0,0,0,0,0,0,0,1
1984-07-01,0,0,0,0,0,0,0,0,1
1984-08-01,0,0,0,0,0,0,0,0,1
1984-09-01,0,0,0,0,0,0,0,0,1
1984-10-01,0,0,0,0,0,0,0,0,1
1984-11-01,0,0,0,0,0,0,0,0,1
1984-12-01,0,0,0,0,0,1,0,1,0
1985-01-01,0,0,0,0,0,0,0,0,1
1985-02-01,0,0,0,0,0,1,0,1,0
1985-03-01,0,1,0,1,0,0,0,2,0
1985-04-01,0,0,0,0,0,0,0,0,1
1985-05-01,0,0,0,0,0,0,0,0,1
1985-06-01,0,0,0,0,0,0,0,0,1
1985-07-01,0,0,0,0,0,0,0,0,1
1985-08-01,0,0,1,0,1,1,0,3,0
1985-09-01,0,0,0,0,0,0,0,0,1
1985-10-01,0,1,1,0,1,0,0,3,0
1985-11-01,0,0,0,0,1,0,0,1,0
1985-12-01,0,0,0,0,1,0,0,1,0
1986-01-01,0,0,0,0,0,0,0,0,1
1986-02-01,0,0,0,0,0,0,0,0,1
1986-03-01,0,0,0,0,0,0,0,0,1
1986-04-01,0,0,0,0,0,0,0,0,1
1986-05-01,0,0,0,0,0,0,0,0,1
1986-06-01,0,0,0,0,0,1,0,1,0
1986-07-01,0,0,0,0,0,0,0,0,1
1986-08-01,0,0,0,0,0,0,0,0,1
1986-09-01,0,0,0,0,0,0,0,0,1
1986-10-01,0,0,0,0,0,0,0,0,1
1986-11-01,1,0,1,0,0,0,0,1,0
1986-12-01,1,0,0,0,0,0,0,0,1
1987-01-01,1,0,0,0,0,0,0,0,1
1987-02-01,0,0,0,0,0,0,1,1,0
1987-03-01,0,0,0,0,1,0,1,2,0
1987-04-01,0,0,0,0,1,1,1,3,0
1987-05-01,0,0,0,0,0,0,0,0,1
1987-06-01,1,0,1,0,0,0,0,1,0
1987-07-01,1,0,0,0,0,0,0,0,1
1987-08-01,1,0,0,0,0,0,0,0,1
1987-09-01,0,0,0,0,0,0,0,0,1
1987-10-01,0,0,0,0,0,0,0,0,1
1987-11-01,0,0,1,0,0,0,0,1,0
1987-12-01,0,0,0,0,0,0,0,0,1
1988-01-01,0,0,0,0,0,0,0,0,1
1988-02-01,0,0,0,0,0,0,0,0,1
1988-03-01,0,0,0,0,0,0,0,0,1
1988-04-01,0,0,0,0,0,0,0,0,1
1988-05-01,0,1,1,1,1,1,1,6,1
1988-06-01,0,0,0,1,0,0,0,1,0
1988-07-01,0,0,0,0,0,0,0,0,1
1988-08-01,0,1,0,0,0,0,0,1,0
1988-09-01,0,0,0,0,0,0,0,0,1
1988-10-01,0,0,0,0,0,0,0,0,1
1988-11-01,0,1,1,1,1,0,0,4,0
1988-12-01,0,0,0,0,0,0,0,0,1
1989-01-01,0,0,0,0,0,0,0,0,1
1989-02-01,0,0,0,0,0,0,0,0,1
1989-03-01,0,0,0,0,0,0,0,0,1
1989-04-01,0,0,0,0,0,0,0,0,1
1989-05-01,0,0,0,0,0,0,0,0,1
1989-06-01,0,0,0,0,0,0,0,0,1
1989-07-01,0,0,0,0,0,0,0,0,1
1989-08-01,0,0,0,0,0,0,0,0,1
1989-09-01,0,0,0,0,0,0,0,0,1
1989-10-01,0,0,0,0,0,0,0,0,1
1989-11-01,0,0,0,0,0,0,0,0,1
1989-12-01,0,0,0,0,0,0,0,0,1
1990-01-01,0,0,1,0,0,0,0,1,0
1990-02-01,0,0,0,0,0,0,0,0,1
1990-03-01,0,0,0,0,0,0,1,1,0
1990-04-01,0,0,0,0,1,1,1,3,0
1990-05-01,0,0,0,0,0,0,1,1,0
1990-06-01,0,0,0,0,0,1,1,2,0
1990-07-01,0,0,0,0,0,0,0,0,1
1990-08-01,0,0,0,0,0,0,0,0,1
1990-09-01,0,0,0,0,0,0,0,0,1
1990-10-01,0,0,0,0,0,1,1,2,0
1990-11-01,0,0,0,0,0,0,0,0,1
1990-12-01,0,0,0,0,0,0,0,0,1
1991-01-01,0,0,0,0,0,0,0,0,1
1991-02-01,0,0,0,0,0,0,0,0,1
1991-03-01,0,0,0,0,0,0,0,0,1
1991-04-01,0,0,0,0,0,0,0,0,1
1991-05-01,0,0,0,0,0,0,0,0,1
1991-06-01,0,0,0,0,0,0,0,0,1
1991-07-01,0,0,0,0,0,0,0,0,1
1991-08-01,0,0,0,0,0,0,0,0,1
1991-09-01,0,0,0,0,0,0,0,0,1
1991-10-01,0,0,0,0,0,0,0,0,1
1991-11-01,0,0,0,0,0,0,0,0,1
1991-12-01,1,0,0,0,0,0,0,0,1
1992-01-01,1,0,0,0,0,0,0,0,1
1992-02-01,1,0,0,0,0,0,0,0,1
1992-03-01,0,0,0,0,0,0,0,0,1
1992-04-01,0,0,0,0,0,0,0,0,1
1992-05-01,0,0,0,0,0,0,0,0,1
1992-06-01,0,0,0,0,0,0,0,0,1
1992-07-01,0,0,0,0,0,0,0,0,1
1992-08-01,0,0,0,0,0,0,0,0,1
1992-09-01,0,0,0,0,0,0,0,0,1
1992-10-01,0,0,0,0,0,0,0,0,1
1992-11-01,0,0,0,0,0,0,0,0,1
1992-12-01,0,0,0,0,0,0,0,0,1
1993-01-01,0,0,0,0,0,0,0,0,1
1993-02-01,0,0,0,0,0,0,0,0,1
1993-03-01,0,0,0,0,0,0,0,0,1
1993-04-01,0,0,0,0,0,0,0,0,1
1993-05-01,0,0,0,0,0,0,0,0,1
1993-06-01,0,0,0,0,0,0,0,0,1
1993-07-01,0,0,0,0,0,0,0,0,1
1993-08-01,0,0,0,0,0,0,0,0,1
1993-09-01,0,0,0,0,0,0,0,0,1
1993-10-01,0,0,0,0,0,0,0,0,1
1993-11-01,0,0,0,0,0,0,0,0,1
1993-12-01,0,0,0,0,0,0,0,0,1
1994-01-01,0,0,0,0,0,0,0,0,1
1994-02-01,0,0,0,0,0,0,0,0,1
1994-03-01,0,0,0,0,0,0,0,0,1
1994-04-01,0,0,0,0,0,0,0,0,1
1994-05-01,0,0,0,0,0,0,0,0,1
1994-06-01,0,0,0,0,0,0,0,0,1
1994-07-01,0,0,0,0,0,0,0,0,1
1994-08-01,0,0,1,0,0,0,0,1,0
1994-09-01,0,0,0,0,0,0,0,0,1
1994-10-01,0,0,0,0,0,0,0,0,1
1994-11-01,0,0,0,0,0,0,0,0,1
1994-12-01,1,0,0,0,0,0,0,0,1
1995-01-01,1,0,0,0,0,0,0,0,1
1995-02-01,0,0,0,0,0,0,0,0,1
1995-03-01,0,0,0,0,0,0,0,0,1
1995-04-01,0,0,0,0,0,0,0,0,1
1995-05-01,0,0,0,0,0,0,0,0,1
1995-06-01,0,0,0,0,0,0,0,0,1
1995-07-01,0,0,0,0,0,0,0,0,1
1995-08-01,0,0,0,0,0,0,0,0,1
1995-09-01,0,0,0,0,0,0,0,0,1
1995-10-01,0,0,0,0,0,0,0,0,1
1995-11-01,0,1,1,0,0,0,0,2,0
1995-12-01,0,0,1,0,0,1,0,2,0
1996-01-01,0,0,0,0,0,0,0,0,1
1996-02-01,0,0,0,0,0,0,0,0,1
1996-03-01,0,0,0,0,0,1,0,1,0
1996-04-01,0,0,0,0,0,0,0,0,1
1996-05-01,0,0,0,0,0,0,0,0,1
1996-06-01,0,0,0,0,0,0,0,0,1
1996-07-01,0,0,0,0,0,0,0,0,1
1996-08-01,0,0,0,0,0,0,0,0,1
1996-09-01,0,0,0,0,0,0,0,0,1
1996-10-01,0,0,0,0,0,1,0,1,0
1996-11-01,0,0,0,0,0,0,0,0,1
1996-12-01,0,0,0,0,0,0,0,0,1
1997-01-01,0,0,0,0,0,0,0,0,1
1997-02-01,0,0,0,0,0,0,0,0,1
1997-03-01,0,0,0,0,0,0,0,0,1
1997-04-01,0,0,0,0,0,0,0,0,1
1997-05-01,0,0,0,0,0,0,0,0,1
1997-06-01,0,0,0,0,0,0,0,0,1
1997-07-01,0,0,1,0,0,0,0,1,0
1997-08-01,1,0,0,1,0,0,0,1,0
1997-09-01,1,1,0,1,1,1,1,5,0
1997-10-01,1,1,1,1,1,1,1,6,1
1997-11-01,1,1,0,1,0,0,1,3,0
1997-12-01,1,1,0,1,1,0,1,4,0
1998-01-01,1,1,1,1,1,1,1,6,1
1998-02-01,1,1,1,1,1,0,1,5,0
1998-03-01,1,0,0,1,1,1,0,3,0
1998-04-01,1,0,0,0,0,0,0,0,1
1998-05-01,1,0,0,0,0,0,0,0,1
1998-06-01,0,0,0,0,0,0,0,0,1
