MonthStart,proxy_el_nino,sst_local_anomaly_mean,sst_anomaly_3mo,sst_only_IsolationForest_pred,sst_only_IsolationForest_score,sst_only_OneClassSVM_pred,sst_only_OneClassSVM_score,sst_only_LocalOutlierFactor_pred,sst_only_LocalOutlierFactor_score,multivariate_IsolationForest_pred,multivariate_IsolationForest_score,multivariate_OneClassSVM_pred,multivariate_OneClassSVM_score,multivariate_LocalOutlierFactor_pred,multivariate_LocalOutlierFactor_score
1980-03-01,0,-7.105427357601002e-16,,0,-0.02829183969860871,0,-0.00044473253077592645,1,0.1171634012125713,0,-0.03722881649969667,0,-0.20799717160792852,0,-0.1410446938478116
1980-08-01,0,-6.767073673905716e-16,,0,-0.037031237953474405,0,-0.1561862960575402,0,-0.16249292238146396,0,-0.03966506759174959,0,-0.44580543295770836,0,-0.2006350092882221
1980-09-01,0,1.1842378929335002e-15,-6.767073673905718e-17,0,-0.044528456329679056,0,-0.26769047709584326,0,-0.18344715924093258,0,-0.050665399935628685,0,-0.5678750757255608,0,-0.19485266762984144
1980-10-01,0,1.0314330035227261e-15,5.129878430218849e-16,0,-0.017011679327582074,0,-0.0003163771764760348,0,-0.19212481659770897,0,-0.030119684328833107,0,-0.11560313093885011,0,-0.21046944236261234
1980-11-01,0,-1.4210854715202005e-15,2.6486180831200865e-16,0,-0.06093299458381263,0,-0.25665405256172713,0,-0.20005236471309873,0,-0.05993864469737681,0,-0.3762784246826314,0,-0.21075740577365953
1980-12-01,0,2.0628660070454523e-15,5.57737846349326e-16,0,-0.04859065954121544,0,-0.20848947121781247,0,-0.1913793653690119,0,-0.059316006309013236,0,-0.5639270393826492,0,-0.2186598388421045
1981-01-01,0,-1.6044513388131294e-15,-3.2089026776262587e-16,1,0.004217121749334307,1,0.05541041415810488,0,-0.04696535875590491,0,-0.03693680686691564,0,-0.014407504366945822,0,-0.17836332978602032
1981-02-01,0,-2.5376526277146434e-16,6.821646848695285e-17,0,-0.07643682213639169,0,-0.24123456652469555,0,-0.14084664765982424,0,-0.06160853066595223,0,-0.7866582253134733,0,-0.20085561347578618
1981-03-01,0,3.0626842058625006e-15,4.014892014259689e-16,1,0.014907699726724899,1,0.10841873983064376,1,0.30313633357417924,0,-0.012615199949787936,1,0.0001104926011006313,1,0.00024576027076372853
1981-07-01,0,3.0235861096174475e-16,1.0370925180175937e-15,1,0.015833568796096986,0,-1.0720106796480167e-05,0,-0.05409647583777155,0,-0.013940041566360528,0,-0.3651183302127947,0,-0.1750951201324651
1981-08-01,0,2.0605739337042904e-15,1.808538916842845e-15,1,0.04034303912089121,1,0.011548320924278155,1,0.03961487166289146,1,0.023886858949532574,1,0.0001705620980381184,0,-0.09742287901342594
1981-09-01,0,-0.06608602150537604,-0.022028673835124562,1,0.10612123582430477,1,0.26913643187770386,1,0.14808063884185252,1,0.06550846503510355,1,0.13227474178216436,1,0.06071531949845044
1981-10-01,0,-0.027025089605736356,-0.03103703703703678,1,0.01805142741819199,0,-0.20681695045050308,0,-0.13992728163746326,0,-0.0039342549089663725,0,-0.40547392714534913,0,-0.16320337920907035
1981-11-01,0,1.544658121217609e-16,-0.031037037037037415,0,-0.03765270831282508,0,-0.23412778857681893,0,-0.2014876758188302,0,-0.03182349291820574,0,-0.31254355095181774,0,-0.19262990510177003
1981-12-01,0,-1.1460366705808067e-16,-0.009008363201912105,1,0.021990884431533186,0,-0.00019701215300793606,0,-0.05612122427460742,1,0.004385651991861139,0,-0.00023781445817716573,0,-0.052106402603885105
1982-01-01,0,3.0942990105681782e-15,1.0447203852106194e-15,0,-0.07390901553371121,0,-0.32002372783081334,0,-0.1600224374022634,0,-0.04684830243861954,0,-0.17040912084238125,0,-0.18592924051148052
1982-02-01,0,2.2838873649431793e-15,1.7545275694844257e-15,0,-0.07743501988775259,0,-0.0555269154385587,0,-0.08019918099324563,0,-0.05038292778644338,0,-0.49392490429774893,0,-0.16183430979273083
1982-03-01,0,3.43811001174242e-16,1.9073324588951996e-15,0,-0.07274323983054559,0,-0.4015302492003192,0,-0.09998752413470546,0,-0.05625614368941495,0,-0.6421687026564533,0,-0.18606059907653738
1982-04-01,0,-1.0658141036401502e-15,5.206280874924237e-16,0,-0.06933495068808182,0,-0.00013363775862229588,0,-0.06806894241616135,0,-0.04121011055462953,0,-0.6413561246237145,0,-0.1856166809715265
1982-05-01,0,-2.2920733411616134e-16,-3.1707014552735654e-16,0,-0.06568842512241857,0,-0.2767695977258735,0,-0.07886408722270732,0,-0.025111549273126643,0,-0.11698444860936874,0,-0.18471898035388856
1982-06-01,0,0.0,-4.316738125854372e-16,0,-0.03312545099303166,0,-0.04717172633420752,0,-0.06009811198289583,0,-0.028161869336546963,0,-0.24143881584000848,0,-0.20310925532933732
1982-07-01,0,1.0314330035227261e-15,2.6740855646885487e-16,0,-0.03653578374467081,1,0.0001362609635977563,0,-0.0999573942456653,0,-0.01788835021009144,1,0.0002588470567834733,0,-0.19594433055397942
1982-08-01,0,1.1460366705808067e-16,3.820122235269355e-16,0,-0.024947115736911774,0,-0.034560709713414184,0,-0.08051223960083931,0,-0.011576702185409016,0,-0.17707966886732152,0,-0.11789351514410296
1982-09-01,0,1.0658141036401502e-15,7.372835914069857e-16,0,-0.04832064458447671,0,-0.21651031888100336,0,-0.18022337695174695,0,-0.024812252295017878,0,-0.17727973698754873,0,-0.17822710529821073
1982-10-01,0,-2.4671622769447922e-15,-4.2891483541552047e-16,0,-0.048913621861675194,1,4.607353357943822e-06,0,-0.0008421371795379606,0,-0.008870628459741015,1,7.993828488395138e-05,0,-0.11508595334072003
1982-11-01,0,-6.513308411134251e-16,-6.842263381393558e-16,0,-0.04622711315241057,0,-0.011559845797306956,1,0.012414738245306589,0,-0.034103373809290016,0,-0.1686782062443153,0,-0.13484038725828307
1982-12-01,0,7.449238358775244e-16,-7.911897607268976e-16,0,-0.06535516713330825,0,-0.18509637762354814,0,-0.03779336196353089,0,-0.03519694153104702,0,-0.2013307253394152,0,-0.14642530203941595
1983-01-01,0,-1.7763568394002505e-15,-5.609212815453838e-16,0,-0.061470324086138284,1,3.213715867511624e-05,0,-0.04834655492375273,0,-0.037822017392874274,0,-0.28180330836940604,0,-0.13592263283777717
1983-02-01,0,-9.516197353929913e-16,-6.610175796385723e-16,0,-0.05383234204748866,0,-0.06698505218415507,0,-0.11522141720980317,0,-0.021409746202401214,0,-0.23974906029361387,0,-0.06621780240497421
1983-03-01,0,-1.2606403376388875e-15,-1.3295389708107099e-15,0,-0.006683814582037151,0,-0.00024355173784407214,0,-0.07671739052893267,1,0.016338887921991008,1,0.2423170540534505,1,0.17317671044003968
1983-04-01,0,-9.237055564881303e-16,-1.0453218765066698e-15,1,0.012474592119485317,1,0.15163612522524783,0,-0.031165656065026637,1,0.02520966650309009,0,-0.00018687886050017255,0,-0.012708749138579556
1983-10-01,0,-1.6148698540002276e-15,-1.2664052493757484e-15,0,-0.060247421718626626,0,-0.3282273405367455,0,-0.19663878239841415,1,0.0007049298396959447,0,-0.16683704401041366,0,-0.196240445054627
1983-11-01,0,4.900294729380001e-16,-6.828486458501193e-16,0,-0.021537241817029096,0,-0.2044532569241304,0,-0.17049727310460572,0,-0.021375047085432308,0,-0.3593536511937385,0,-0.20853052638136127
1983-12-01,0,8.074349270001139e-17,-3.480322961207387e-16,0,-0.007853462292399693,1,0.0003649563605105932,0,-0.18597577836455992,0,-0.012455410820159885,0,-0.07584302845880542,0,-0.21700442990593594
1984-01-01,0,-2.0628660070454523e-15,-4.973643471358137e-16,0,-0.032840532311174675,0,-4.806253888345324e-05,0,-0.15141297629968342,0,-0.050394577296318965,0,-0.2065776176996188,0,-0.21314247061057545
1984-02-01,0,4.900294729380001e-16,-4.973643471358137e-16,1,0.026091716446853264,0,-0.0001130543476683954,1,0.1900552139166849,0,-0.010461748843158758,1,0.00011050405345391923,1,0.021362803937101438
1984-03-01,0,-1.8336586729292908e-15,-1.135498402345581e-15,0,-0.07914787352886604,0,-0.026361856963385666,0,-0.03199503329647779,0,-0.0582174494788128,0,-0.48479909772472674,0,-0.16310594587859284
1984-04-01,0,8.665155314147564e-17,-4.189925489499384e-16,0,-0.09578664977743162,0,-0.4093172717690874,0,-0.12021620702474745,0,-0.051750777410010884,0,-0.5842990608797058,0,-0.18118258821694067
1984-05-01,0,-1.375244004696968e-15,-1.0407503748282612e-15,0,-0.08214913239991795,0,-0.4110083611931272,0,-0.07706503958418787,0,-0.04949879787658534,0,-0.546956084469524,0,-0.1984285987502643
1984-06-01,0,8.881784197001252e-16,-1.334713439517891e-16,0,-0.04236988477011483,0,-0.14554627494805317,0,-0.016476865221947135,0,-0.04246551127447962,0,-0.3367014303355407,0,-0.22223547293074764
1984-07-01,0,1.375244004696968e-15,2.9605947323337506e-16,0,-0.05037598148248207,0,-0.00024655854541677513,0,-0.12066196702213672,0,-0.04400148731640208,0,-0.2316785506366994,0,-0.21180464354430462
1984-08-01,0,-6.303201688194437e-16,5.443674185258832e-16,0,-0.06920283723367376,0,-0.29688622562053935,0,-0.10709526351325005,0,-0.059280361607571164,0,-0.46478780358889127,0,-0.21120271581141759
1984-09-01,0,-1.1250259982868252e-15,-1.267007208031003e-16,0,-0.04513583538819965,0,-0.4349650506548044,0,-0.18287572659679197,0,-0.04520062834587063,0,-0.5608919050104682,0,-0.19777908648834708
1984-10-01,0,-0.02378109452736266,-0.007927031509121472,0,-0.058781933862198155,0,-0.46808786204473485,0,-0.18683478197206682,0,-0.04210078157092406,0,-0.5420872573785527,0,-0.19532870031223692
1984-11-01,0,-4.440892098500626e-16,-0.00792703150912141,0,-0.06388343846546568,0,-0.4018167868496403,0,-0.19983507254546418,0,-0.0467186701718868,0,-0.39786275312617336,0,-0.1915160240725562
1984-12-01,0,8.022256694065647e-16,-0.007927031509120767,0,-0.03595454192634462,0,-0.2678690808473747,0,-0.12328321609202852,0,-0.007633875390883338,1,3.352941041923074e-05,0,-0.1330834399481653
1985-01-01,0,2.2920733411616134e-16,1.9578126455755449e-16,0,-0.06879135828001309,0,-0.38368750272542673,0,-0.17719757622543297,0,-0.014759287508825991,0,-0.021789146062832554,0,-0.1383999643019982
1985-02-01,0,8.881784197001252e-16,6.39870474407617e-16,0,-0.06302454295499138,0,-0.07222718566305808,0,-0.09448451032465566,0,-0.01867706076794684,1,0.0004263227672027803,0,-0.14966554138478871
1985-03-01,0,1.6617531723421697e-15,9.263796420528188e-16,1,0.00043436574993960253,0,-0.00013059772634660405,1,0.16689359302954188,0,-0.0003021127884410557,0,-0.0004762110427409816,0,-0.12821998297514758
1985-04-01,0,-5.329070518200751e-16,6.723415134074066e-16,0,-0.06212200350559621,0,-0.33136356007041723,0,-0.07506479046301973,0,-0.02850386442760372,0,-0.30384653021700814,0,-0.18522630525302453
1985-05-01,0,1.3534147347811431e-15,8.274202851010791e-16,0,-0.08079320552980485,0,-0.288015206736143,0,-0.04225262036940847,0,-0.04251820418419522,0,-0.350217773003787,0,-0.18106379902329772
1985-06-01,0,-0.0005529953917055103,-0.0001843317972348966,0,-0.07888350713672398,0,-0.46571817248128466,0,-0.0528544422081505,0,-0.04002315965518438,0,-0.5174246462259884,0,-0.18136210157800714
1985-07-01,0,-0.0012799999999995465,-0.0006109984639012345,0,-0.045024806521944294,0,-0.05356866802480287,0,-0.03873208678797435,0,-0.0005114440489367711,0,-0.3365438350051302,0,-0.09060482535444114
1985-08-01,0,0.01007499999999973,0.002747334869431558,0,-0.0351153769372915,1,0.00039812824729779095,0,-0.00991176585499609,1,0.0191545927683604,1,0.0002846910228457844,0,-0.0670848372261641
1985-09-01,0,-0.00048689138576790626,0.0027693695380774258,0,-0.039641465967406364,0,-0.2120951947984837,0,-0.14718857364920335,0,-0.0022866145476415634,0,-0.2002163666854857,0,-0.19288830025571924
1985-10-01,0,-0.22237518168106438,-0.07092902435561085,1,0.035606922597777424,1,1.4847953184293772e-05,0,-0.002304576762276689,1,0.04271913571092212,0,-7.559415034741335e-05,0,-0.16964897419676683
1985-11-01,0,-0.11812235956814321,-0.11366147754499183,0,-0.028699129638356524,0,-0.34374280878556673,0,-0.059282852134008746,1,0.020200326348484787,0,-0.011708491208234584,0,-0.12384529594982352
1985-12-01,0,-0.024230244068953775,-0.12157592843938712,0,-0.06266069877810115,0,-0.5931051101605269,0,-0.095791207083888,1,0.011679113038446487,0,-0.01263982645600592,0,-0.1420146208501396
1986-01-01,0,-0.03378951586498757,-0.05871403983402818,0,-0.07181536070123007,0,-0.582673075720149,0,-0.08943694722665008,0,-0.007433476980139797,0,-0.08842053584366028,0,-0.14766650767239087
1986-02-01,0,0.006571428571428888,-0.017149443787504152,0,-0.10109107807765438,0,-0.6765135214659397,0,-0.15284557414907596,0,-0.033198751572846796,0,-0.40966986509700876,0,-0.14741200266633614
1986-03-01,0,0.008389261744966871,-0.006276275182863937,0,-0.10111273224942385,0,-0.5657788705027946,0,-0.1791459686385264,0,-0.035249767860940195,0,-0.46516210464530783,0,-0.1772752994525051
1986-04-01,0,-0.004213806327899851,0.0035822946628319683,0,-0.11006503837194848,0,-0.6332110585973543,0,-0.23086370555749047,0,-0.03378588374723929,0,-0.3454963872384762,0,-0.120726345828011
1986-05-01,0,-0.01535456475583867,-0.0037263697795905507,0,-0.10586585221352263,0,-0.5734579766059045,0,-0.19898588985952093,0,-0.0359754425836763,0,-0.338362525796013,0,-0.1562415176681089
1986-06-01,0,-0.006014237721964224,-0.008527536268567582,0,-0.06204139404315373,0,-0.31283779937120615,0,-0.1404245101917243,0,-0.001041729567598293,1,0.00042515781835028577,0,-0.14523096642817235
1986-07-01,0,-0.03765385200132673,-0.019674218159709878,0,-0.08603245290852857,0,-0.5192112471175152,0,-0.18985119985757493,0,-0.058776450670280256,0,-0.7903530476886367,0,-0.12849492699135512
1986-08-01,0,0.04473599858968223,0.00035596962213042355,0,-0.042791401648165306,0,-0.0003817705255948489,0,-0.14001662051412267,0,-0.038444857232421525,0,-0.1660725144051547,0,-0.07359232491627932
1986-09-01,0,0.0313530708579724,0.012811739148775965,0,-0.05350345305693499,0,-5.674858880588829e-05,0,-0.19361163525364034,0,-0.022997617451650798,0,-0.4148334770084694,0,-0.1416791373946371
1986-10-01,0,0.14231754481072745,0.07280220475279402,0,-0.07218820396978087,0,-0.17817911155490762,0,-0.16647535136724656,0,-0.03285103305187803,0,-0.18571115724943965,0,-0.1246320576314548
1986-11-01,1,0.21835282985130192,0.1306744818400006,0,-0.03743350495256381,1,0.00041964360283275326,0,-0.019836528098845285,0,-0.04342390995065948,0,-0.13257711919211213,0,-0.11120351570789566
1986-12-01,1,0.057836627710679364,0.13950233412423624,0,-0.07957974579464311,0,-0.33420631230070175,0,-0.183169199619019,0,-0.04672603718051821,0,-0.3731373362333459,0,-0.11537562820679481
1987-01-01,1,0.11150468197925183,0.1292313798470777,0,-0.08867788072368249,0,-0.44612797019254913,0,-0.1593090565104478,0,-0.04750448781567379,0,-0.12258548875471487,0,-0.10950221758421042
1987-02-01,0,0.08522075317851381,0.08485402095614834,0,-0.09703820103871813,0,-0.5215241876994718,0,-0.16829302753845132,0,-0.022194157434957507,0,-0.2845185802887076,1,0.07258063130868764
1987-03-01,0,0.09773448400908405,0.09815330638894988,0,-0.091105679670203,0,-0.4673037002157936,0,-0.15817497422776117,1,0.00777198655679312,0,-3.749724481760808e-05,1,0.2673377771873129
1987-04-01,0,0.03910231914861545,0.07401918544540444,0,-0.08345173655024474,0,-0.38780312772374037,0,-0.1894111683925328,1,0.01754043988115095,1,0.05026913252182075,1,0.36753670224223534
1987-05-01,0,0.09298511538145621,0.07660730617971857,0,-0.09837124234874389,0,-0.3894173461026682,0,-0.16818790244315251,0,-0.035072367328536525,0,-0.41916961656974516,0,-0.03242753747814309
1987-06-01,1,0.18654303767824784,0.10621015740277316,0,-0.026733026714814145,1,0.0004072627159330544,0,-0.004791944110335233,0,-0.02053933846007583,0,-0.12568166770038136,0,-0.020266029942433317
1987-07-01,1,0.11959899715212874,0.13304238340394425,0,-0.06295616363698353,0,-0.2870397005516643,0,-0.10471724755743783,0,-0.04468673312524707,0,-0.49582039730906935,0,-0.10578777029755981
1987-08-01,1,0.032289360328228774,0.11281046505286844,0,-0.06664291133311723,0,-0.1220710012487638,0,-0.19348987622027292,0,-0.02727295578282135,0,-8.942655605759242e-05,0,-0.06687802070854598
1987-09-01,0,0.04897854128993294,0.06695563292343015,0,-0.07743858634712014,0,-0.22455206282976414,0,-0.15953408288823434,0,-0.024866119226516215,0,-9.93607552994824e-05,0,-0.035599641822865236
1987-10-01,0,0.11176618335307777,0.06434469499041316,0,-0.0743633369342141,0,-0.1516692228767571,0,-0.17021264096458433,0,-0.03549128494915027,0,-0.02193789568053761,0,-0.09101049280273377
1987-11-01,0,0.08723940523494333,0.08266137662598468,0,-0.09175464577990333,1,0.00046028994797175926,0,-0.18743144961050828,0,-0.06789242550842561,0,-0.32173581880298974,0,-0.15513130548227294
1987-12-01,0,0.08082779216705734,0.09327779358502614,0,-0.08266015872232468,0,-0.06536167957310557,0,-0.183013911253602,0,-0.06767018345002723,0,-0.43756888437215347,0,-0.15766913629307755
1988-01-01,0,-0.003326933980534428,0.05491342114048875,0,-0.10637723335450133,0,-0.3585855856064337,0,-0.20035569958439958,0,-0.05473206331422148,0,-0.8092220692903682,0,-0.14549150827617452
1988-02-01,0,0.013212421899820114,0.030237760028781008,0,-0.11380547816906067,0,-0.4184503478527315,0,-0.21800997855563353,0,-0.07866870983372354,0,-0.7909933440799302,0,-0.16832776861682053
1988-03-01,0,0.02341204586531963,0.011099177928201772,0,-0.07661281828074407,0,-0.23103712443317237,0,-0.12460465278973065,0,-0.05496031834615889,0,-0.62201100159221,0,-0.11729870860230829
1988-04-01,0,-0.045056712962962576,-0.0028107483992742773,0,-0.06185831445949208,0,-0.41303908366590303,0,-0.1132070214656804,0,-0.029745951593646902,0,-0.9297224875007686,0,-0.12867790942835078
1988-05-01,0,-0.18687745656820035,-0.0695073745552811,1,0.08832828819064487,1,0.37294187765093545,1,0.43707714031906675,1,0.04912096267700905,1,9.832998795111791e-05,1,0.05954416779114369
1988-06-01,0,-0.0817348587502641,-0.10455634276047567,0,-0.007004871969526816,0,-0.11265802226846189,1,0.00823027875302973,0,-0.005246975216995131,0,-0.2640376154169708,0,-0.12832370734279164
1988-07-01,0,-0.14756173761764813,-0.13872468431203752,0,-0.021208249212626984,0,-0.009108449298215415,0,-0.06392671793151017,0,-0.03831355732830777,0,-0.4398939223881806,0,-0.13925312402595869
1988-08-01,0,-0.18569173164627112,-0.13832944267139444,1,0.0077772635760839925,0,-0.00011304686412749732,0,-0.01771093896479292,0,-0.013172254697629948,0,-0.30351847246865127,0,-0.14475891670989194
1988-09-01,0,-0.12605920945256907,-0.15310422623882944,0,-0.03197244572271174,0,-0.44043663936192345,0,-0.11297691940446519,0,-0.0363831907721594,0,-0.5992642893863214,0,-0.17390345117414574
1988-10-01,0,-0.13119785983761859,-0.14764960031215293,0,-0.0022827465889071474,0,-0.00020428368453284662,0,-0.0954860761060834,0,-0.01990425402387863,0,-0.2143909990901811,0,-0.1589936035795183
1988-11-01,0,-0.2286443034934412,-0.16196712426120963,1,0.07170083640788627,1,0.00025315501261902185,1,0.04267204220424459,1,0.018657604825688345,0,-0.000144895181714233,0,-0.09797419056724754
1988-12-01,0,-0.1173937437327267,-0.15907863568792882,0,-0.010055802869372577,0,-0.0836021245966978,0,-0.11481687493088089,0,-0.003925703967952776,0,-0.23023639875407476,0,-0.15433053514488937
1989-01-01,0,-0.09743550847569107,-0.14782451856728632,0,-0.04884347061397315,0,-0.2386378263231843,0,-0.12737048878250334,0,-0.019398352790087114,0,-0.3542921972708557,0,-0.14758756688382135
1989-02-01,0,-0.08246822856742178,-0.09909916025861319,0,-0.08971541198703636,0,-0.4300461497261301,0,-0.1742239066200988,0,-0.05440527614731333,0,-0.2865334676370326,0,-0.1641382300446108
1989-03-01,0,-0.04785958008189196,-0.07592110570833493,0,-0.07519563676619845,0,-0.40018747064688576,0,-0.21194941178551696,0,-0.04455928364633366,0,-0.0355047101712711,0,-0.13109593448800738
1989-04-01,0,-0.07392568870918775,-0.0680844991195005,0,-0.08965974637812729,0,-0.458927357745182,0,-0.20900402004470287,0,-0.05754465186435004,0,-0.2940919164148821,0,-0.14317122199596755
1989-05-01,0,-0.07832322214219224,-0.06670283031109066,0,-0.09079266438170258,0,-0.38963986864491096,0,-0.1720731036970431,0,-0.07299727199289163,0,-0.4502876226352739,0,-0.16364548825919356
1989-06-01,0,-0.09367778281410134,-0.08197556455516046,0,-0.06683969514265664,0,-0.2354961509624145,0,-0.1531764016009025,0,-0.06797063143434945,0,-0.48064809195361935,0,-0.14775609320366856
1989-07-01,0,-0.0832441465330014,-0.08508171716309833,0,-0.06926419798495109,0,-0.17862026399982867,0,-0.1845063619429974,0,-0.053979361883700616,0,-0.4017344603823165,0,-0.13841491786440185
1989-08-01,0,-0.102650978488357,-0.09319096927848658,0,-0.07601817346885953,0,-0.25479498530617084,0,-0.1881901833226871,0,-0.06306720412854727,0,-0.4510267056088719,0,-0.1546625500399783
1989-09-01,0,-0.06248574769430201,-0.08279362423855348,0,-0.06976121755127573,0,-0.23718690072738502,0,-0.21044657699268232,0,-0.059621678299785597,0,-0.5220967163309087,0,-0.16209922884914496
1989-10-01,0,-0.11986627832895513,-0.09500100150387138,0,-0.08409661184735373,0,-0.4746453228663907,0,-0.17136478997902183,0,-0.06254067704118393,0,-0.4957662121059423,0,-0.1707233693444592
1989-11-01,0,-0.009697164606711868,-0.06401639687665635,0,-0.09395105931454428,0,-0.2742667017002507,0,-0.21912437070590363,0,-0.030689093578855853,0,-0.0002726465320730398,0,-0.043684722372313356
1989-12-01,0,-0.03489322038828133,-0.05481888777464946,0,-0.07099348349808898,0,-0.10950256497959865,0,-0.1928622913988629,0,-0.052639459010112355,0,-0.6189799765142769,0,-0.16702386812525405
1990-01-01,0,0.004597167199001736,-0.013331072598663826,0,-0.07985445587053286,1,3.036339789908027e-05,0,-0.19323980706469013,0,-0.055838874622508416,0,-0.32562148940559466,0,-0.14152605953825304
1990-02-01,0,-0.007000738520738701,-0.012432263903339437,0,-0.09646789783040621,0,-0.2734164421129397,0,-0.21060356845121375,0,-0.03859701836663981,0,-0.00013915025248056878,0,-0.01728088454899157
1990-03-01,0,0.023556484918309938,0.007050971198857653,0,-0.11113055021620438,0,-0.5198895628635052,0,-0.2302651162029643,0,-0.02180843823397116,0,-0.021181353531254388,1,0.045543603472665506
1990-04-01,0,0.02764063181542349,0.014732126070998238,0,-0.07256041966385646,0,-0.25534867842950115,0,-0.1956775300109027,1,0.02691170349717098,1,0.42707977387017615,1,0.401083555496629
1990-05-01,0,0.02544923856274926,0.025548785098827558,0,-0.09143119189234045,0,-0.28376447611772093,0,-0.22648913396677905,0,-0.022898269778830083,0,-0.171664806159876,1,0.07330643667347925
1990-06-01,0,0.022443541905227887,0.025177804094466877,0,-0.10370977153595284,0,-0.3991342345502211,0,-0.19955956620801785,0,-0.01323202134740048,1,0.054190742547987725,1,0.1388245134310404
1990-07-01,0,0.0476385342778257,0.03184377158193428,0,-0.09734627868991758,0,-0.12616913763312798,0,-0.22024045486678157,0,-0.06444899518158886,0,-0.1869668717188877,0,-0.1045985180612432
1990-08-01,0,0.06300488863745979,0.044362321606837785,0,-0.09603187699072158,0,-0.3354627279262825,0,-0.20773239680494138,0,-0.03766742420973679,0,-0.00020534682368111845,0,-0.0927745850448265
1990-09-01,0,-0.018434564383693394,0.030736286177197366,0,-0.10247982348547507,0,-0.3729875941846341,0,-0.21782519446631443,0,-0.04640172922714786,0,-0.26112746121570707,0,-0.1447845209401526
1990-10-01,0,0.028464707284515774,0.024345010512760723,0,-0.10190324102668835,0,-0.09751618990130329,0,-0.2001041505197393,0,-0.009691427436489153,1,0.19400635216596607,1,0.0026885547384505326
1990-11-01,0,0.02929544392441067,0.013108528941744349,0,-0.10384043747332583,0,-0.10720826834032815,0,-0.20900141422781704,0,-0.06488390141171219,0,-0.41488439818358147,0,-0.15193113405217695
1990-12-01,0,-0.0005041798596290794,0.01908532378309912,0,-0.09143220301815591,0,-0.14867224623887276,0,-0.20997510398460395,0,-0.06203818313331627,0,-0.48167066977196216,0,-0.1749580012289662
1991-01-01,0,-0.016985256241142332,0.003935335941213084,0,-0.0966625545903892,0,-0.19585641036168422,0,-0.2020616387752392,0,-0.06586885628242051,0,-0.22858845123916716,0,-0.17068669117666446
1991-02-01,0,0.010612689753390537,-0.0022922487824602942,0,-0.10995366381339639,0,-0.415739002409798,0,-0.21152205480848463,0,-0.0542387972062634,0,-0.2113747969692179,0,-0.09539527843964413
1991-03-01,0,-0.027911366351689018,-0.01142797761314694,0,-0.11743463492471967,0,-0.5211456574882773,0,-0.2316697083145196,0,-0.08001871175056957,0,-0.5378992502570505,0,-0.16453890374772318
1991-04-01,0,-0.0098741304289633,-0.009057602342420597,0,-0.11970916692396855,0,-0.4465259405590052,0,-0.24124391028202552,0,-0.06290782398935435,0,-0.15740568954614798,0,-0.15154731158173118
1991-05-01,0,-0.02262933516609306,-0.020138277315581796,0,-0.0752616987847976,0,-0.170677660638896,0,-0.23359828045759123,0,-0.05051580159374497,0,-0.15693400420610404,0,-0.14817691466565508
1991-06-01,0,0.04454317120716112,0.004013235204034918,0,-0.07375178725871295,0,-0.18641359895049847,0,-0.19315216727387152,0,-0.06306553218272537,0,-0.5403914760145252,0,-0.16472035221958636
1991-07-01,0,0.09562034480374029,0.03917806028160278,0,-0.08301932932982148,0,-0.2434790903196058,0,-0.16346349980784813,0,-0.08608094730451982,0,-0.7407073173840786,0,-0.1747802709263493
1991-08-01,0,0.11329189208351625,0.08448513603147256,0,-0.0741676256448367,0,-0.13942118471312304,0,-0.18953110325314704,0,-0.08637302459447088,0,-0.6827324375314179,0,-0.195320477037067
1991-09-01,0,0.03940705822458111,0.08277309837061254,0,-0.08241395844045074,0,-0.1624521246155588,0,-0.20697636996869373,0,-0.04665063904756295,0,-0.5061161118665147,0,-0.16475045798271082
1991-10-01,0,0.0943770951515719,0.08235868181988976,0,-0.06633159134153532,0,-0.0999432865571892,0,-0.17274970394617117,0,-0.03013739013441119,0,-0.11507772977737174,0,-0.12471308957481031
1991-11-01,0,0.09590270895098399,0.076562287442379,0,-0.08606442260998215,0,-0.26363940552799026,0,-0.1818305519156702,0,-0.056538292629059406,0,-0.6737954022590076,0,-0.14842825398790738
1991-12-01,1,0.1359784059690896,0.10875273669054851,0,-0.06348784512473848,0,-0.39183067009723116,0,-0.1299359468025516,0,-0.07449143496361521,0,-0.7784070267942864,0,-0.16295232487863398
1992-01-01,1,0.09723999683746674,0.10970703725251345,0,-0.08982816818652523,0,-0.4835007016690027,0,-0.1203402125005173,0,-0.07129219969059364,0,-0.9091297057983971,0,-0.16765746454927344
1992-02-01,1,0.06898405884089115,0.10073415388248251,0,-0.0967378278866372,0,-0.4795252793700704,0,-0.17562611056895405,0,-0.07083667326729282,0,-0.6833093435517443,0,-0.20181896350920814
1992-03-01,0,0.06698160973940187,0.07773522180591992,0,-0.07797391145772148,0,-0.4425558443300446,0,-0.18778121666755787,0,-0.0459038052274931,0,-0.4770749837574675,0,-0.19589645962172708
1992-04-01,0,0.10658719805123003,0.08085095554384102,0,-0.07081255261006314,0,-0.2560179955671704,0,-0.13751554081568673,0,-0.047402984564377804,0,-0.6238235213166874,0,-0.18219136728376362
1992-05-01,0,0.08438102749508346,0.08598327842857179,0,-0.07416893830416132,0,-0.2307175172741629,0,-0.17532363825216168,0,-0.02966069979877267,0,-0.3564715081382239,0,-0.16312646073116244
1992-06-01,0,0.00807348592600642,0.06634723715743997,0,-0.09682702232272855,0,-0.33181200200840744,0,-0.2071972334868477,0,-0.06262365727444996,0,-0.6257865382290233,0,-0.1921278533930726
1992-07-01,0,0.010575066644790375,0.03434319335529342,0,-0.11533140017027776,0,-0.2891501502136511,0,-0.2106616494467406,0,-0.06883561505165953,0,-0.557696017778964,0,-0.20191821207947158
1992-08-01,0,-0.01980683761328677,-0.0003860950141633251,0,-0.11268165406934122,0,-0.2485286878438635,0,-0.21665537358293885,0,-0.06789985339930787,0,-0.429702342141002,0,-0.19405309194404752
1992-09-01,0,-0.005619708271927941,-0.004950493080141445,0,-0.10101839887196729,0,-0.17320533348133793,0,-0.21418307468232445,0,-0.03831854463547929,0,-0.06718762593805838,0,-0.16715569985400647
1992-10-01,0,-0.08967155518918742,-0.03836603369146738,0,-0.10165081011390154,0,-0.16933221657432362,0,-0.20068327898435911,0,-0.07350409482315917,0,-0.45216201455467653,0,-0.19184746460191826
1992-11-01,0,-0.1185132391645672,-0.07126816754189418,0,-0.09009903048359158,0,-0.20482296608563022,0,-0.16360849316458204,0,-0.05358372501630648,0,-0.24158413081335306,0,-0.1678182537658428
1992-12-01,0,-0.08971912741360878,-0.0993013072557878,0,-0.08463948015354766,0,-0.11296766163535343,0,-0.18169562048924237,0,-0.0731331781427706,0,-0.4625300597373605,0,-0.17088849530990102
1993-01-01,0,-0.0676729958110703,-0.09196845412974874,0,-0.11029012938808097,0,-0.2727055325964529,0,-0.18185683357982674,0,-0.08833085397699719,0,-0.6187637637097807,0,-0.1777674919744363
1993-02-01,0,-0.06924176524064712,-0.07554462948844207,0,-0.11180285893085001,0,-0.3155098086844297,0,-0.21012149440957661,0,-0.07568362292057873,0,-0.3414841922749301,0,-0.19842664633362794
1993-03-01,0,-0.038773073506278365,-0.058562611519331925,0,-0.1033492762446504,0,-0.3939790700045127,0,-0.22502334094659182,0,-0.06774763037324377,0,-0.3783757172077462,0,-0.19532125242994847
1993-04-01,0,0.018549231503680073,-0.0298218690810818,0,-0.09938701968342106,0,-0.43019937747410397,0,-0.19274463209437664,0,-0.041032079987379955,0,-0.1560059125600004,0,-0.1911453923095323
1993-05-01,0,0.041031051380945496,0.006935736459449074,0,-0.09968328833488516,0,-0.33144705878022007,0,-0.21488881450894382,0,-0.057536013909718575,0,-0.296025345156794,0,-0.20098813370474677
1993-06-01,0,0.054104060961938316,0.03789478128218796,0,-0.09690169468439613,0,-0.3413346338715719,0,-0.19253648781675448,0,-0.07729234875097857,0,-0.49961670594526053,0,-0.17860448122252892
1993-07-01,0,0.02541818951391986,0.040184433952267895,0,-0.1126435661969521,0,-0.28149080150371875,0,-0.2138633390633189,0,-0.08876150735197946,0,-0.46862491528981964,0,-0.1991799002378538
1993-08-01,0,0.007687904835768082,0.02907005177054209,0,-0.11728717905995228,0,-0.26731351582446594,0,-0.2130468844436939,0,-0.08511855694616305,0,-0.5135809768599997,0,-0.2153058810957479
1993-09-01,0,0.018319704780066136,0.017141933043251366,0,-0.09547006641620437,0,-0.09411464040619633,0,-0.22014861837722155,0,-0.08383455737767559,0,-0.5283342812565532,0,-0.21040975512451765
1993-10-01,0,0.018639303469703085,0.014882304361845775,0,-0.11769879167752123,0,-0.26946342539901025,0,-0.20431860518795353,0,-0.09516315964767186,0,-0.8007570555171712,0,-0.19838846482839756
1993-11-01,0,0.03255418104128148,0.023171063097016904,0,-0.10362500261238983,0,-0.08691055261419312,0,-0.21080290075375985,0,-0.09747744686888626,0,-0.6987898048561507,0,-0.18989912060457714
1993-12-01,0,0.02419650059397479,0.025129995034986457,0,-0.10208941171594543,0,-0.1599683030547574,0,-0.20981775789756185,0,-0.08245611764852523,0,-0.43177404561490373,0,-0.1758302023588576
1994-01-01,0,-0.04815848556753869,0.0028640653559058663,0,-0.11429669263960046,0,-0.2428787649222235,0,-0.18795493073143876,0,-0.09019565253737094,0,-0.3750608280065233,0,-0.1898613163988001
1994-02-01,0,-0.07564993762746772,-0.03320397420034387,0,-0.11009169401957347,0,-0.24823509047918124,0,-0.20035507898047444,0,-0.07291147844226092,0,-0.1630072398971225,0,-0.19872270677552906
1994-03-01,0,-0.037826397304095274,-0.053878273499700556,0,-0.11872939829990975,0,-0.45550809094771294,0,-0.2239929890982869,0,-0.06917167355645165,0,-0.3507884092675644,0,-0.20050178134214947
1994-04-01,0,-0.05744738958257403,-0.05697457483804567,0,-0.0981821903009063,0,-0.37305280388745077,0,-0.2414079813009875,0,-0.05464477993347333,0,-0.10734017456308731,0,-0.179084215439834
1994-05-01,0,-0.03737503142953207,-0.044216272772067126,0,-0.10401686090345064,0,-0.37335541096947455,0,-0.20243302717241474,0,-0.08326372952202066,0,-0.39118432235933875,0,-0.21241778919646603
1994-06-01,0,0.016600834596620376,-0.026073862138495236,0,-0.10108370475675232,0,-0.3047822249453387,0,-0.2067997032368054,0,-0.0909275875282462,0,-0.44207951037108284,0,-0.20254870846672757
1994-07-01,0,-0.010598551192600785,-0.010457582675170822,0,-0.10528803940826498,0,-0.14180640777360765,0,-0.21241029187860017,0,-0.09392161974886593,0,-0.41109895709998057,0,-0.20985239893983432
1994-08-01,0,0.036978594929473786,0.014326959444497798,0,-0.08670650988747564,1,7.199954483860793e-05,0,-0.2126721730728789,0,-0.07149775348099274,0,-0.3006461587490228,0,-0.2046708592398826
1994-09-01,0,0.03285864408388893,0.019746229273587313,0,-0.08278694319637242,0,-0.08798175762497618,0,-0.21626852653052875,0,-0.052772834167573,0,-0.3402801291503481,0,-0.188088896463535
1994-10-01,0,0.10093595794607242,0.056924398986478386,0,-0.0968130633704472,0,-0.11822811555274582,0,-0.1857918280170372,0,-0.040638607876550936,0,-4.2664270435643914e-05,0,-0.11932600187794318
1994-11-01,0,0.1639490448630012,0.09924788229765417,0,-0.06479855837351345,0,-0.008388803649226784,0,-0.12700035986559088,0,-0.05130536440239547,0,-0.20307519631354198,0,-0.09259751153042584
1994-12-01,1,0.09695044701367561,0.12061181660758306,0,-0.08410653759642356,0,-0.2811534038434229,0,-0.1693161276911459,0,-0.0742383488454873,0,-0.5812550938777923,0,-0.15191453510063369
1995-01-01,1,0.0496485698131163,0.10351602056326437,0,-0.11242157969979144,0,-0.44141994697407405,0,-0.18810484829247276,0,-0.06456320957763273,0,-0.313640693233741,0,-0.18670324870784383
1995-02-01,0,0.05515115138852013,0.06725005607177069,0,-0.10771303384805936,0,-0.49902766488783756,0,-0.19813868049081207,0,-0.07506020831054633,0,-0.43485082404695286,0,-0.19402728745581932
1995-03-01,0,-0.008135000305995342,0.032221573631880364,0,-0.12395224360486118,0,-0.508026486702601,0,-0.224136957227983,0,-0.07136157555749573,0,-0.36055418687547425,0,-0.20500453061475865
1995-04-01,0,0.00261646027328404,0.01654420378526961,0,-0.11295712278809661,0,-0.4654277624453593,0,-0.23914795615900075,0,-0.07702738213640842,0,-0.5087693559899154,0,-0.1943646348943442
1995-05-01,0,-0.01949631640944378,-0.00833828548071836,0,-0.10679424732725479,0,-0.3216367891783385,0,-0.19707785252970378,0,-0.09164553156982114,0,-0.3887654618559431,0,-0.2146957652177406
1995-06-01,0,0.004489224392085596,-0.004130210581358048,0,-0.10060588013748945,0,-0.2675750375366097,0,-0.19820944969196497,0,-0.0863853699599646,0,-0.31416475137526056,0,-0.19925508859393426
1995-07-01,0,-0.022488350457598984,-0.012498480824985723,0,-0.10952052159227038,0,-0.16919695746604502,0,-0.2062452112491312,0,-0.07951869336088807,0,-0.16201721638053357,0,-0.19466980456263094
1995-08-01,0,-0.10547855538665862,-0.041159227150724,0,-0.07004904918460436,0,-7.696429550252404e-05,0,-0.16877647284177288,0,-0.06320491391348204,0,-0.1755008740449493,0,-0.19610450738152974
1995-09-01,0,-0.14373543654211435,-0.09056744746212397,0,-0.04009310316563608,0,-0.0760444362306334,0,-0.13035900618092633,0,-0.048022622611852306,0,-0.3032082451138147,0,-0.18621410450037246
1995-10-01,0,-0.20202703109244485,-0.15041367434040595,0,-0.035141988097888155,0,-0.19015086934221737,0,-0.09317626597107931,0,-0.04246006514173811,0,-0.17308283415100645,0,-0.14885269207080176
1995-11-01,0,-0.2780095274305805,-0.20792399835504657,1,0.007005680321014673,1,0.03283974346866625,0,-0.018577331998150814,0,-0.040538068783973424,0,-5.86867360086174e-05,0,-0.1360156257077496
1995-12-01,0,-0.22591432440093698,-0.23531696097465413,0,-0.00018615674997413123,1,0.00013405023386425796,0,-0.02989101733017585,0,-0.030598549837338507,1,4.805727804413351e-05,0,-0.11401774377098861
1996-01-01,0,-0.14639589133762823,-0.21677324772304854,0,-0.05552870096019291,0,-0.05103564831962082,0,-0.10079089080164616,0,-0.054597586238686935,0,-0.20990169189478047,0,-0.15503786585911117
1996-02-01,0,-0.142719789093831,-0.17167666827746542,0,-0.06563287578756721,0,-0.00037024047699407703,0,-0.059627026902747016,0,-0.059955990410140936,0,-0.1297081464909149,0,-0.170671795112735
1996-03-01,0,-0.11191035467894041,-0.1336753450367999,0,-0.08017424572888143,0,-0.14149113675632696,0,-0.17003544970629014,0,-0.049239510333734526,1,9.356502986346271e-05,0,-0.20425910527061875
1996-04-01,0,-0.11504293927559904,-0.12322436101612348,0,-0.08154236681239435,0,-0.15499759040616512,0,-0.18207254151163887,0,-0.05422500596343938,0,-0.08514057891743043,0,-0.19255871873875507
1996-05-01,0,-0.14105049749326462,-0.12266793048260134,0,-0.059372635094614656,0,-0.00014580306231559703,0,-0.07017520264663779,0,-0.06472714731157514,0,-0.16477945245433423,0,-0.1966622172289174
1996-06-01,0,-0.12873063881859045,-0.12827469186248472,0,-0.054867282064146095,0,-0.000417275440138809,0,-0.09621669875221839,0,-0.06893122929683682,0,-0.2247303102512639,0,-0.19744815867245646
1996-07-01,0,-0.08025922238199029,-0.11668011956461512,0,-0.09212173505207094,0,-0.09931530616973072,0,-0.19214004807689689,0,-0.07573079941863847,0,-0.19167033247814524,0,-0.20204951495524415
1996-08-01,0,-0.05112216953160937,-0.08670401024406338,0,-0.1001881901922308,0,-0.15499047603775074,0,-0.21640226100443427,0,-0.06633627920261415,0,-0.1319864651463436,0,-0.19594981410790557
1996-09-01,0,-0.10366578520519405,-0.07834905903959791,0,-0.0719534681009536,0,-0.15639454763196659,0,-0.18070412689046744,0,-0.06248759738745202,0,-0.2038450662277378,0,-0.1837028492121029
1996-10-01,0,-0.14059841330654685,-0.09846212268111676,0,-0.07817401961360443,0,-0.22447950093073787,0,-0.13890456313609967,0,-0.049909251941062605,1,0.00017990694887437542,0,-0.16053946339399894
1996-11-01,0,-0.14361634829920783,-0.12929351560364957,0,-0.0724148034332146,0,-0.2443981968442821,0,-0.13828715457847673,0,-0.05844817884709402,0,-0.2120057968981408,0,-0.17050593142987558
1996-12-01,0,-0.19998817737471536,-0.16140097966015668,0,-0.030981203347636543,0,-0.11583761718923657,0,-0.08684585949613588,0,-0.04017027665090228,0,-0.1044008215059109,0,-0.14939731270589074
1997-01-01,0,-0.1396590175158292,-0.16108784772991747,0,-0.07167354258337577,0,-0.08405651033647299,0,-0.12538549204970129,0,-0.05642862706203644,0,-0.17499116014758886,0,-0.1494712392766444
1997-02-01,0,-0.07136779611139428,-0.13700499700064628,0,-0.11011852280370193,0,-0.2776264410978766,0,-0.19087465668227122,0,-0.08244259951827776,0,-0.2386001155174977,0,-0.19167584248428704
1997-03-01,0,-0.06400816451282036,-0.09167832604668129,0,-0.10993560598190577,0,-0.37913171530820255,0,-0.2237062438015287,0,-0.07503770854211478,0,-0.27469038833644044,0,-0.2042487429662938
1997-04-01,0,-0.006730350053558278,-0.047368770225924305,0,-0.11828169959442608,0,-0.48700192206516624,0,-0.24397521741198291,0,-0.0786590541823548,0,-0.4563337084039816,0,-0.21793918943435853
1997-05-01,0,0.05495350242473138,-0.005261670713882419,0,-0.10034811693132556,0,-0.31044883536135703,0,-0.21052919008580528,0,-0.06552301821710921,0,-0.39951947045528513,0,-0.18898628722697008
1997-06-01,0,0.07382139212794908,0.04068151483304073,0,-0.052265529981681325,0,-0.10601516227831898,0,-0.1613518498244828,0,-0.03032045787665233,0,-2.1504535633098953e-05,0,-0.04990414283679945
1997-07-01,0,0.1096613095393508,0.07947873469734375,0,-0.05992757378969138,1,0.00042826517579852563,0,-0.08454303403790475,0,-0.05574683189567925,0,-0.24338905437401603,0,-0.1531182711847343
1997-08-01,1,0.14186562916915688,0.10844944361215225,0,-0.04057246301480577,0,-0.0557034195002748,1,0.045502770373884616,0,-0.03354522338878746,0,-0.2525301304909937,0,-0.053878253181286695
1997-09-01,1,0.22968359908885566,0.1604035125991211,1,0.013428473557215215,0,-0.05376497170810479,1,0.08902026660001816,1,0.0040460994770681324,1,2.143119737230137e-06,1,0.0258686518844633
1997-10-01,1,0.2909070204153153,0.22081874955777595,1,0.026932015407929666,1,0.03763466554058059,1,0.2479321353423738,1,0.007690663516074947,1,0.02197695993240556,1,0.07208655189183233
1997-11-01,1,0.2801815707437087,0.26692406341595987,1,0.006584126592277917,0,-0.151519111790273,1,0.20567088103094644,0,-0.0029073292520449545,0,-0.06505109291338007,1,0.022704349275075142
1997-12-01,1,0.3100825596320092,0.2937237169303444,1,0.03118335897120572,0,-9.398376864666602e-05,1,0.3220060039218371,1,0.015301868284390285,0,-0.0749566236465582,1,0.08463497788343677
1998-01-01,1,0.29414069995871556,0.2948016101114778,1,0.009673165327695576,1,0.00036416619228463176,1,0.33508609239095155,1,0.01786574235922811,1,0.06297946576240987,1,0.13834629283249256
1998-02-01,1,0.25914245784914736,0.28778857247995737,1,0.0006994376498187238,1,0.0002241399533837729,1,0.23161270864742622,1,0.01435739520051782,0,-0.00023984703159518617,1,0.08236856445714258
1998-03-01,1,0.20670978960271824,0.25333098247019376,0,-0.009258865237591563,0,-0.02555447898819052,1,0.10909706472054381,1,0.00904978309085891,1,0.00022987061082879734,0,-0.0023053164228510337
1998-04-01,1,0.08850417008964186,0.1847854725138358,0,-0.08816980680997871,0,-0.32749105900182807,0,-0.18577221566134394,0,-0.013937081824330455,0,-0.1076415791622205,0,-0.1899934115923234
1998-05-01,1,0.07554149704660082,0.12358515224632032,0,-0.07130283101186097,0,-0.1386206078231793,0,-0.12621004063739427,0,-0.013514626154005893,0,-0.0002241953082395831,0,-0.11861390309987052
1998-06-01,0,-0.04098017382744249,0.04102183110293339,0,-0.06970714575117748,0,-0.26386822745190086,0,-0.1774467628415568,0,-0.028610961036151517,0,-0.13280517550537096,0,-0.052544373064138394
